{
  "full": {
    "precision": 0.6,
    "recall": 0.5,
    "f1": 0.5454545454545454
  },
  "no_context": {
    "precision": 0.8,
    "recall": 0.6666666666666666,
    "f1": 0.7272727272727272
  },
  "no_bigram": {
    "precision": 0.8,
    "recall": 0.6666666666666666,
    "f1": 0.7272727272727272
  },
  "no_context_no_bigram": {
    "precision": 0.8,
    "recall": 0.6666666666666666,
    "f1": 0.7272727272727272
  }
}